update_num,q1_loss,q2_loss,actor_loss,alpha,entropy,td_error
1,0.774448,0.766026,nan,0.100000,nan,2.022014
2,0.832182,0.823882,0.804378,0.100010,-7.342630,2.158596
3,0.932308,0.929976,nan,0.100010,nan,2.340696
4,0.708629,0.707504,0.693769,0.100020,-5.929641,1.890560
5,0.876972,0.879402,nan,0.100020,nan,2.231451
6,0.786483,0.788707,0.846876,0.100030,-6.822244,2.043585
7,0.762724,0.763649,nan,0.100030,nan,1.995277
8,0.840956,0.838781,1.020617,0.100039,-7.393676,2.173688
9,0.793530,0.793284,nan,0.100039,nan,2.063903
10,0.890556,0.886610,0.908090,0.100049,-5.356432,2.260939
11,0.640747,0.640178,nan,0.100049,nan,1.754143
12,0.943602,0.945824,0.934721,0.100058,-5.331763,2.377560
13,0.654512,0.655592,nan,0.100058,nan,1.765816
14,0.832130,0.835873,1.043035,0.100068,-5.507592,2.152701
15,0.673260,0.676896,nan,0.100068,nan,1.808115
16,0.612447,0.617746,1.420861,0.100077,-6.913074,1.690603
17,0.779706,0.784348,nan,0.100077,nan,2.011862
18,0.470275,0.477664,1.837807,0.100087,-7.759323,1.367746
19,0.538756,0.548045,nan,0.100087,nan,1.492177
20,0.420533,0.461740,2.273419,0.100097,-8.525361,1.251107
21,0.489764,0.501977,nan,0.100097,nan,1.403523
22,0.626916,0.613046,1.034883,0.100107,-8.239650,1.718734
23,0.488263,0.519626,nan,0.100107,nan,1.422016
24,0.652973,0.663352,1.020679,0.100117,-7.187562,1.764349
25,0.598761,0.608406,nan,0.100117,nan,1.644079
26,0.466259,0.521253,2.945576,0.100127,-8.077492,1.346967
27,0.527122,0.526227,nan,0.100127,nan,1.501055
28,0.603327,0.598537,1.613389,0.100137,-7.045966,1.642364
29,0.449294,0.415926,nan,0.100137,nan,1.340201
30,0.612300,0.567744,1.688550,0.100148,-7.419281,1.660094
31,0.482905,0.386391,nan,0.100148,nan,1.404640
32,0.322101,0.265260,1.637118,0.100157,-4.041503,1.050427
33,0.560335,0.452657,nan,0.100157,nan,1.559641
34,0.400392,0.371223,2.003935,0.100167,-6.610767,1.229004
35,0.298694,0.254284,nan,0.100167,nan,0.985864
36,0.416204,0.414503,2.003713,0.100176,-7.706893,1.223753
37,0.355820,0.348240,nan,0.100176,nan,1.094311
38,0.364519,0.343356,1.765525,0.100186,-8.329930,1.101338
39,0.220966,0.212332,nan,0.100186,nan,0.808058
40,0.331471,0.307291,1.549184,0.100196,-5.928976,1.049956
41,0.347308,0.308925,nan,0.100196,nan,1.101454
42,0.303542,0.260537,1.637136,0.100206,-7.460735,1.006290
43,0.273986,0.277870,nan,0.100206,nan,0.920398
44,0.333656,0.322017,1.998894,0.100216,-7.997420,1.072495
45,0.316862,0.283660,nan,0.100216,nan,1.048297
46,0.145093,0.148522,2.528282,0.100225,-4.937477,0.640942
47,0.181465,0.168742,nan,0.100225,nan,0.723484
48,0.217595,0.177441,2.525688,0.100235,-7.268629,0.780724
49,0.266033,0.256177,nan,0.100235,nan,0.918267
50,0.254687,0.251799,1.431555,0.100245,-7.363297,0.895035
51,0.172617,0.187100,nan,0.100245,nan,0.709223
52,0.144316,0.159687,1.875488,0.100254,-6.967353,0.636950
53,0.169945,0.163336,nan,0.100254,nan,0.696881
54,0.108419,0.114427,2.019122,0.100264,-6.034879,0.548485
55,0.220225,0.183279,nan,0.100264,nan,0.789551
56,0.172788,0.144372,1.833899,0.100274,-7.111979,0.654025
57,0.283441,0.248895,nan,0.100274,nan,0.971133
58,0.279984,0.244701,1.632272,0.100283,-6.987902,0.981104
59,0.193827,0.213844,nan,0.100283,nan,0.769640
60,0.181587,0.193652,2.329396,0.100293,-7.974166,0.740611
61,0.137789,0.116853,nan,0.100293,nan,0.622279
62,0.203665,0.170749,1.505093,0.100303,-8.419392,0.773232
63,0.310266,0.311624,nan,0.100303,nan,1.010286
64,0.200926,0.190712,1.436135,0.100314,-7.632361,0.754761
65,0.242876,0.242561,nan,0.100314,nan,0.860113
66,0.161218,0.143140,2.355370,0.100324,-7.207534,0.716992
67,0.237014,0.231428,nan,0.100324,nan,0.858495
68,0.194788,0.217660,1.807386,0.100334,-5.432139,0.736934
69,0.145827,0.158341,nan,0.100334,nan,0.643886
70,0.168897,0.115894,1.134449,0.100343,-5.012255,0.696078
71,0.328270,0.319536,nan,0.100343,nan,1.038218
72,0.370241,0.378245,0.796509,0.100353,-9.516648,1.192710
73,0.288240,0.321483,nan,0.100353,nan,0.996796
74,0.258563,0.286501,1.345981,0.100362,-5.486434,0.929901
75,0.159194,0.165344,nan,0.100362,nan,0.683527
76,0.103217,0.099396,1.811539,0.100372,-6.156084,0.486836
77,0.224247,0.225951,nan,0.100372,nan,0.808254
78,0.150580,0.147255,2.140365,0.100381,-6.178903,0.643961
79,0.158003,0.148093,nan,0.100381,nan,0.659136
80,0.162653,0.148000,1.640437,0.100391,-7.760290,0.673362
81,0.235673,0.245850,nan,0.100391,nan,0.887979
82,0.132071,0.149969,2.021952,0.100400,-8.083992,0.615616
83,0.250743,0.249735,nan,0.100400,nan,0.891779
84,0.141597,0.140745,1.910259,0.100410,-7.742482,0.610122
85,0.132954,0.135982,nan,0.100410,nan,0.584875
86,0.152858,0.142713,1.778163,0.100420,-7.800065,0.643564
87,0.159838,0.154787,nan,0.100420,nan,0.650406
88,0.155103,0.159007,2.054392,0.100430,-6.850147,0.678748
89,0.118973,0.114300,nan,0.100430,nan,0.570194
90,0.161600,0.159007,2.348629,0.100441,-8.051388,0.650584
91,0.136468,0.152453,nan,0.100441,nan,0.618922
92,0.196699,0.166080,1.704397,0.100451,-5.990955,0.785113
93,0.167120,0.173918,nan,0.100451,nan,0.665532
94,0.091534,0.089608,1.848461,0.100460,-6.997402,0.462473
95,0.180305,0.202791,nan,0.100460,nan,0.757933
96,0.126999,0.159587,2.598007,0.100470,-7.604251,0.610690
97,0.185136,0.173278,nan,0.100470,nan,0.727668
98,0.226866,0.225344,1.728694,0.100481,-7.382329,0.815858
99,0.129066,0.107409,nan,0.100481,nan,0.593698
100,0.141524,0.135666,1.575543,0.100490,-6.590511,0.639051
101,0.127617,0.129305,nan,0.100490,nan,0.589778
102,0.114441,0.110866,1.814277,0.100500,-7.018122,0.536629
103,0.198129,0.169205,nan,0.100500,nan,0.769402
104,0.165609,0.171395,1.646271,0.100510,-7.383912,0.676327
105,0.184808,0.167579,nan,0.100510,nan,0.735989
106,0.285010,0.273012,0.857633,0.100520,-6.065810,0.961663
107,0.348599,0.322625,nan,0.100520,nan,1.097289
108,0.200681,0.210114,2.245433,0.100530,-8.822685,0.746496
109,0.235458,0.236126,nan,0.100530,nan,0.852671
110,0.178438,0.175006,1.482603,0.100540,-6.643372,0.692792
111,0.457935,0.396179,nan,0.100540,nan,1.331513
112,0.393595,0.347365,0.852969,0.100550,-4.768016,1.228854
113,0.363482,0.356947,nan,0.100550,nan,1.144662
114,0.186265,0.194429,2.342667,0.100559,-7.283109,0.723327
115,0.177001,0.164465,nan,0.100559,nan,0.752455
116,0.142336,0.146686,1.910605,0.100569,-6.349647,0.633453
117,0.287158,0.235087,nan,0.100569,nan,0.973564
118,0.335760,0.300351,0.962733,0.100579,-10.101992,1.067871
119,0.330935,0.348825,nan,0.100579,nan,1.070077
120,0.158426,0.162254,2.679455,0.100589,-9.314009,0.679764
121,0.186542,0.200488,nan,0.100589,nan,0.721087
122,0.095769,0.090433,2.283901,0.100600,-6.237698,0.512050
123,0.245576,0.252609,nan,0.100600,nan,0.879707
124,0.260597,0.250481,1.381007,0.100610,-9.399162,0.937712
125,0.204105,0.214717,nan,0.100610,nan,0.793559
126,0.219008,0.215427,2.445750,0.100621,-7.378361,0.824331
127,0.171652,0.159838,nan,0.100621,nan,0.664915
128,0.216407,0.212656,0.696477,0.100632,-7.008528,0.802828
129,0.214565,0.176175,nan,0.100632,nan,0.816352
130,0.328423,0.289639,0.665307,0.100642,-6.526653,1.064145
131,0.465007,0.474720,nan,0.100642,nan,1.371503
132,0.162191,0.144135,1.997580,0.100652,-7.797194,0.704933
133,0.174912,0.176876,nan,0.100652,nan,0.697328
134,0.137763,0.137459,1.191179,0.100663,-7.893115,0.634483
135,0.412550,0.393696,nan,0.100663,nan,1.199678
136,0.454005,0.488177,0.995754,0.100673,-6.237934,1.371655
137,0.574308,0.508084,nan,0.100673,nan,1.599289
138,0.361232,0.372923,2.453095,0.100683,-7.442484,1.146689
139,0.228710,0.242509,nan,0.100683,nan,0.819300
140,0.133427,0.128552,2.305206,0.100694,-8.128776,0.591387
141,0.227047,0.197300,nan,0.100694,nan,0.846150
142,0.142854,0.144671,2.391752,0.100704,-8.139174,0.630813
143,0.116280,0.116537,nan,0.100704,nan,0.581639
144,0.131249,0.138230,1.582118,0.100715,-6.841495,0.587492
145,0.296230,0.237420,nan,0.100715,nan,1.006319
146,0.312424,0.265723,1.642755,0.100725,-5.614597,1.027115
147,0.274769,0.257349,nan,0.100725,nan,0.920012
148,0.277527,0.197389,1.439633,0.100734,-5.344587,0.967173
149,0.162032,0.157301,nan,0.100734,nan,0.682780
150,0.143252,0.151826,1.452115,0.100744,-5.901274,0.629698
151,0.258997,0.252984,nan,0.100744,nan,0.935214
152,0.189574,0.199348,1.658977,0.100753,-6.247373,0.739747
153,0.190625,0.203402,nan,0.100753,nan,0.741365
154,0.124387,0.152300,2.088958,0.100762,-6.076432,0.580639
155,0.182634,0.189813,nan,0.100762,nan,0.756628
156,0.124133,0.138371,1.754281,0.100771,-8.648196,0.563906
157,0.353952,0.335246,nan,0.100771,nan,1.120721
158,0.280866,0.249003,1.114849,0.100781,-8.613937,0.958039
159,0.164714,0.131532,nan,0.100781,nan,0.666004
160,0.240382,0.211595,2.529234,0.100791,-6.845739,0.854228
161,0.175669,0.161958,nan,0.100791,nan,0.724530
162,0.139064,0.133170,1.436621,0.100801,-7.180086,0.616297
163,0.533771,0.382218,nan,0.100801,nan,1.537464
164,0.530477,0.393457,0.974231,0.100810,-5.677754,1.501873
165,0.461086,0.399005,nan,0.100810,nan,1.376065
166,0.341962,0.266389,1.881873,0.100819,-6.042786,1.102403
167,0.252467,0.245595,nan,0.100819,nan,0.861644
168,0.187474,0.236213,0.739947,0.100829,-7.775026,0.759165
169,0.742148,0.686125,nan,0.100829,nan,1.952841
170,0.805887,0.972152,0.474603,0.100838,-6.619592,2.060001
171,0.727465,0.930629,nan,0.100838,nan,1.896072
172,0.484100,0.781262,2.482443,0.100848,-7.431966,1.383574
173,0.317743,0.319424,nan,0.100848,nan,1.012526
174,0.402131,0.423163,2.852911,0.100857,-7.100828,1.184567
175,0.253232,0.281167,nan,0.100857,nan,0.849911
176,0.172971,0.219390,0.874550,0.100867,-4.956211,0.705528
177,0.820646,0.798966,nan,0.100867,nan,2.099303
178,0.967893,1.115466,-0.249176,0.100875,-3.865954,2.402836
179,0.974167,1.142696,nan,0.100875,nan,2.421200
180,0.735300,0.988167,1.312552,0.100883,-5.452109,1.951197
181,0.589715,0.659893,nan,0.100883,nan,1.618981
182,0.263486,0.303160,2.315565,0.100892,-8.228493,0.888648
183,0.449725,0.561373,nan,0.100892,nan,1.347624
184,0.390758,0.593515,2.768226,0.100900,-6.841551,1.189553
185,0.232125,0.512034,nan,0.100900,nan,0.861898
186,0.320173,0.563144,2.839912,0.100909,-6.435446,1.058387
187,0.216409,0.485993,nan,0.100909,nan,0.800085
188,0.277523,0.427529,2.512638,0.100917,-5.344159,0.929262
189,0.239411,0.358831,nan,0.100917,nan,0.858052
190,0.289673,0.499519,3.063947,0.100926,-6.363225,0.983352
191,0.338520,0.306203,nan,0.100926,nan,1.059044
192,0.286482,0.486730,2.684403,0.100934,-6.521868,0.950089
193,0.260360,0.351422,nan,0.100934,nan,0.908166
194,0.165800,0.433637,2.338280,0.100943,-7.315526,0.675962
195,0.160601,0.333080,nan,0.100943,nan,0.666424
196,0.171512,0.262853,1.742861,0.100951,-5.605169,0.709153
197,0.250922,0.460784,nan,0.100951,nan,0.873746
198,0.267570,0.399518,2.006734,0.100959,-5.726191,0.900142
199,0.194475,0.250167,nan,0.100959,nan,0.773381
200,0.216196,0.284580,2.594201,0.100968,-6.533219,0.799496
201,0.195824,0.225012,nan,0.100968,nan,0.765580
202,0.164959,0.217738,1.991843,0.100976,-5.481148,0.706136
203,0.178066,0.230148,nan,0.100976,nan,0.721838
204,0.151570,0.226067,2.795763,0.100984,-6.548106,0.653767
205,0.123779,0.135113,nan,0.100984,nan,0.582663
206,0.148441,0.177961,2.614155,0.100993,-7.604328,0.625999
207,0.180140,0.185286,nan,0.100993,nan,0.697875
208,0.156125,0.234563,2.048771,0.101001,-5.440687,0.655354
209,0.164988,0.165595,nan,0.101001,nan,0.690761
210,0.121385,0.186435,1.758812,0.101009,-6.094689,0.590059
211,0.152954,0.187606,nan,0.101009,nan,0.680139
212,0.183996,0.221542,2.009737,0.101017,-5.279409,0.724419
213,0.187130,0.170597,nan,0.101017,nan,0.772276
214,0.224417,0.176712,1.439287,0.101024,-3.479366,0.828423
215,0.287337,0.267389,nan,0.101024,nan,0.971517
216,0.372335,0.174780,1.727769,0.101031,-4.695042,1.170553
217,0.308387,0.245039,nan,0.101031,nan,1.012818
218,0.151907,0.149498,2.423189,0.101038,-5.911954,0.671564
219,0.372155,0.264456,nan,0.101038,nan,1.195464
220,0.388592,0.387169,3.110274,0.101045,-4.776886,1.241598
221,0.177014,0.208344,nan,0.101045,nan,0.719514
222,0.191778,0.221083,1.699573,0.101052,-5.034370,0.757594
223,0.415275,0.432694,nan,0.101052,nan,1.287319
224,0.401907,0.391144,1.619425,0.101059,-6.652550,1.252702
225,0.321545,0.287053,nan,0.101059,nan,1.054423
226,0.344997,0.303760,2.831095,0.101066,-8.307537,1.094447
227,0.257039,0.238523,nan,0.101066,nan,0.908699
228,0.183882,0.164444,3.280025,0.101075,-10.395500,0.737593
229,0.185699,0.221341,nan,0.101075,nan,0.723058
230,0.176258,0.223364,2.464802,0.101083,-6.313660,0.743160
231,0.175711,0.147522,nan,0.101083,nan,0.712195
232,0.254504,0.247488,2.707369,0.101093,-9.326782,0.862181
233,0.270072,0.159529,nan,0.101093,nan,0.920748
234,0.361015,0.263174,2.812916,0.101102,-5.921684,1.142189
235,0.281797,0.267725,nan,0.101102,nan,0.961127
236,0.165896,0.157312,3.902027,0.101111,-9.170467,0.663396
237,0.151734,0.272354,nan,0.101111,nan,0.609826
238,0.156355,0.137560,2.099352,0.101121,-5.339777,0.655892
239,0.548203,0.179806,nan,0.101121,nan,1.550437
240,0.607285,0.268159,2.175651,0.101130,-7.430918,1.662116
241,0.279722,0.270571,nan,0.101130,nan,0.981122
242,0.424322,0.176245,3.070724,0.101140,-6.581343,1.298902
243,0.338100,0.379829,nan,0.101140,nan,1.097666
244,0.318813,0.347063,2.557353,0.101149,-7.440696,1.023793
245,0.354450,0.308711,nan,0.101149,nan,1.117052
246,0.370801,0.381195,2.193432,0.101159,-6.071659,1.153842
247,0.319310,0.233493,nan,0.101159,nan,1.067491
248,0.298037,0.211111,2.764810,0.101168,-6.641339,0.980706
249,0.282176,0.235562,nan,0.101168,nan,0.970690
250,0.224413,0.191209,3.287580,0.101177,-6.160628,0.820578
251,0.244740,0.114912,nan,0.101177,nan,0.874395
252,0.231729,0.267557,2.231923,0.101186,-6.630214,0.842089
253,0.643161,0.250337,nan,0.101186,nan,1.738649
254,0.405019,0.392327,1.375665,0.101195,-5.171842,1.240697
255,0.212242,0.352965,nan,0.101195,nan,0.803675
256,0.225476,0.223542,3.306598,0.101204,-6.935294,0.842716
257,0.162127,0.229694,nan,0.101204,nan,0.703992
258,0.167291,0.134464,1.593064,0.101213,-6.148520,0.693166
259,0.875036,0.373006,nan,0.101213,nan,2.229867
260,0.701334,0.392533,0.915093,0.101222,-6.496636,1.870103
261,0.430597,0.501062,nan,0.101222,nan,1.311702
262,0.168100,0.287536,3.543461,0.101231,-6.885253,0.674025
263,0.249289,0.422210,nan,0.101231,nan,0.877421
264,0.215133,0.525166,3.349156,0.101240,-5.703372,0.799932
265,0.238131,0.222147,nan,0.101240,nan,0.859264
266,0.265836,0.469438,1.770187,0.101249,-9.467320,0.892353
267,0.582726,0.753514,nan,0.101249,nan,1.605510
268,0.960167,0.464675,2.354716,0.101258,-6.662818,2.403721
269,0.590202,0.205665,nan,0.101258,nan,1.617967
270,0.374942,0.348851,2.964545,0.101268,-5.133938,1.133133
271,0.307668,0.316496,nan,0.101268,nan,0.999648
272,0.266572,0.343943,1.623336,0.101276,-6.183962,0.884724
273,0.474148,0.409954,nan,0.101276,nan,1.356901
274,0.387206,0.420892,2.023641,0.101285,-4.650583,1.214011
275,0.201396,0.152966,nan,0.101285,nan,0.772545
276,0.281609,0.235717,2.953885,0.101293,-6.524544,0.910243
277,0.407905,0.413755,nan,0.101293,nan,1.224660
278,0.231524,0.244228,1.657383,0.101302,-6.138390,0.819924
279,0.632350,0.485590,nan,0.101302,nan,1.717639
280,0.881035,0.574306,1.266594,0.101310,-6.144917,2.230437
281,0.615028,0.573115,nan,0.101310,nan,1.667686
282,0.230126,0.305817,3.066126,0.101319,-8.173431,0.794767
283,0.564727,0.307932,nan,0.101319,nan,1.568149
284,0.729672,0.651748,3.257606,0.101328,-4.306522,1.926984
285,0.521584,0.367478,nan,0.101328,nan,1.473259
286,0.465070,0.399712,1.279992,0.101336,-5.960214,1.324067
287,0.639549,0.432359,nan,0.101336,nan,1.739263
288,0.857152,0.551370,0.639949,0.101343,-2.973766,2.192372
289,0.552563,1.007925,nan,0.101343,nan,1.545385
290,0.315305,0.323202,3.482162,0.101351,-7.422069,1.011411
291,0.528856,0.489519,nan,0.101351,nan,1.492560
292,0.336011,0.474489,3.065921,0.101360,-9.785190,1.068253
293,0.362912,0.379467,nan,0.101360,nan,1.128855
294,0.357387,0.373763,1.540439,0.101369,-6.847339,1.114096
295,0.614644,0.530034,nan,0.101369,nan,1.688401
296,0.942541,0.622781,1.883250,0.101377,-5.905066,2.354879
297,0.363061,0.495913,nan,0.101377,nan,1.126700
298,0.247301,0.379423,2.680265,0.101386,-6.822465,0.877523
299,0.438323,0.562900,nan,0.101386,nan,1.285576
300,0.244012,0.331903,1.003337,0.101395,-5.269421,0.863004
301,0.550049,0.975998,nan,0.101395,nan,1.497856
302,0.450923,0.487121,1.394814,0.101403,-5.139513,1.335141
303,0.670619,0.375209,nan,0.101403,nan,1.789521
304,0.347989,0.362328,2.648697,0.101411,-4.128851,1.116981
305,0.500566,0.354264,nan,0.101411,nan,1.459886
306,0.410156,0.427258,2.283275,0.101418,-5.359559,1.204827
307,0.391389,0.445206,nan,0.101418,nan,1.194323
308,0.299235,0.369204,2.023027,0.101425,-2.889845,0.996298
309,0.414372,0.366047,nan,0.101425,nan,1.262192
310,0.333479,0.423024,2.380443,0.101432,-7.510000,1.079104
311,0.415217,0.397192,nan,0.101432,nan,1.259525
312,0.311166,0.316660,2.238216,0.101439,-5.823025,1.011423
313,0.280460,0.238504,nan,0.101439,nan,0.952211
314,0.229648,0.310073,1.927354,0.101446,-5.368045,0.819899
315,0.310221,0.462122,nan,0.101446,nan,1.017742
316,0.366632,0.317372,2.970094,0.101454,-6.449937,1.126778
317,0.478488,0.414408,nan,0.101454,nan,1.387672
318,0.265173,0.445986,1.586138,0.101461,-6.862934,0.951156
319,0.320159,0.558810,nan,0.101461,nan,1.051593
320,0.388396,0.417532,1.401915,0.101469,-6.635011,1.179816
321,0.317781,0.412122,nan,0.101469,nan,1.023978
322,0.332137,0.651232,1.986618,0.101476,-4.605054,1.046130
323,0.362901,0.293800,nan,0.101476,nan,1.152939
324,0.203115,0.269640,1.712057,0.101484,-7.772519,0.753838
325,0.401431,0.729204,nan,0.101484,nan,1.211646
326,0.348039,0.401352,1.383008,0.101492,-6.865523,1.103554
327,0.191118,0.296944,nan,0.101492,nan,0.743627
328,0.207111,0.192868,3.358797,0.101500,-4.606703,0.769046
329,0.540551,0.325732,nan,0.101500,nan,1.540464
330,0.192273,0.264153,0.783341,0.101508,-5.857782,0.743247
331,0.426742,0.834574,nan,0.101508,nan,1.268534
332,0.536545,0.517421,0.950380,0.101515,-5.807706,1.533356
333,0.311563,0.436091,nan,0.101515,nan,1.013973
334,0.355335,0.434375,1.901441,0.101522,-2.818473,1.119676
335,0.480835,0.435495,nan,0.101522,nan,1.403941
336,0.268906,0.501866,0.664836,0.101530,-8.142535,0.900711
337,0.342180,1.115101,nan,0.101530,nan,1.101229
338,0.629916,1.279256,-0.641913,0.101537,-5.549407,1.721133
339,0.751349,0.920549,nan,0.101537,nan,1.962989
340,0.448914,0.329815,2.258496,0.101544,-5.050767,1.343509
341,0.493079,0.417424,nan,0.101544,nan,1.400929
342,0.701564,0.573246,2.050116,0.101551,-3.552690,1.834870
343,0.574814,0.469784,nan,0.101551,nan,1.578660
344,0.356402,0.312731,0.864583,0.101557,-5.156279,1.121693
345,0.338403,0.515032,nan,0.101557,nan,1.073120
346,0.308478,0.376873,2.210988,0.101564,-5.150938,1.016286
347,0.361570,0.354979,nan,0.101564,nan,1.102825
348,0.319594,0.880970,2.466991,0.101571,-6.864083,1.021307
349,0.308994,0.468541,nan,0.101571,nan,0.988916
350,0.355656,0.366496,0.581077,0.101577,-5.878628,1.111167
351,0.246912,0.656087,nan,0.101577,nan,0.886792
352,0.359489,0.498510,1.785766,0.101585,-7.667453,1.087535
353,0.328383,0.341954,nan,0.101585,nan,1.054572
354,0.453362,0.351737,2.612101,0.101593,-6.885897,1.331140
355,0.246475,0.287927,nan,0.101593,nan,0.853157
356,0.203699,0.488913,0.439683,0.101600,-4.985230,0.760997
357,0.340524,0.769103,nan,0.101600,nan,1.065801
358,0.402864,0.735211,0.879474,0.101608,-6.140027,1.227639
359,0.628191,0.365040,nan,0.101608,nan,1.708773
360,0.313143,0.502659,2.234094,0.101614,-1.117336,0.993557
361,0.480134,0.299341,nan,0.101614,nan,1.382025
362,0.440863,0.566220,1.729688,0.101620,-4.187870,1.274510
363,0.791013,0.374374,nan,0.101620,nan,2.040381
364,0.494211,0.677867,1.392781,0.101626,-6.556222,1.401499
365,0.379610,1.113200,nan,0.101626,nan,1.160437
366,0.378306,0.635969,2.567408,0.101633,-7.117195,1.125311
367,0.316290,0.829894,nan,0.101633,nan,0.982978
368,0.489806,1.054656,1.994703,0.101640,-6.388764,1.360718
369,0.464880,0.416417,nan,0.101640,nan,1.336294
370,0.484090,0.672511,0.217695,0.101646,-3.994016,1.362908
371,1.032289,0.707001,nan,0.101646,nan,2.493281
372,1.146419,0.616638,-0.466279,0.101653,-4.374251,2.759340
373,0.321890,1.070034,nan,0.101653,nan,1.054459
374,0.423468,0.664599,1.652950,0.101659,-4.535260,1.230821
375,0.372825,0.511754,nan,0.101659,nan,1.131926
376,0.349550,0.595460,2.573873,0.101665,-6.561336,1.092849
377,0.318073,0.303505,nan,0.101665,nan,1.035515
378,0.868016,0.510945,2.339834,0.101671,-5.218997,2.173720
379,0.600655,0.387297,nan,0.101671,nan,1.638896
380,0.243122,0.344477,1.224574,0.101678,-5.806486,0.839537
381,0.515175,0.484546,nan,0.101678,nan,1.453647
382,0.358214,0.509561,0.916983,0.101684,-4.069219,1.082262
383,0.295622,0.361776,nan,0.101684,nan,0.944571
384,0.389959,1.005105,2.386856,0.101689,-3.281976,1.172554
385,0.274688,0.470787,nan,0.101689,nan,0.927870
386,0.599365,0.563831,0.633130,0.101695,-4.950330,1.621038
387,0.456628,0.725819,nan,0.101695,nan,1.342130
388,0.655644,0.623734,1.680307,0.101701,-7.327302,1.756727
389,0.507029,0.608862,nan,0.101701,nan,1.441271
390,0.698636,0.388220,2.285334,0.101707,-5.160436,1.843538
391,0.568156,0.324185,nan,0.101707,nan,1.588588
392,0.307407,0.555954,1.181828,0.101713,-4.659906,0.982057
393,0.406824,0.385569,nan,0.101713,nan,1.209935
394,0.338017,0.881544,2.174208,0.101719,-6.708656,1.059805
395,0.534251,0.759482,nan,0.101719,nan,1.463717
396,0.323346,0.377536,2.578470,0.101726,-6.499924,0.990368
397,1.077407,0.876733,nan,0.101726,nan,2.609015
398,1.066544,1.027361,1.769351,0.101733,-5.533742,2.587245
399,0.312627,0.299830,nan,0.101733,nan,1.020013
400,0.911741,0.574955,3.275022,0.101739,-4.902647,2.293042
401,1.101853,0.714607,nan,0.101739,nan,2.678786
402,0.873454,0.385867,1.751414,0.101746,-4.619920,2.207654
403,0.352580,0.530567,nan,0.101746,nan,1.097498
404,0.640418,0.781373,-0.062963,0.101753,-7.467298,1.718699
405,0.505297,0.650259,nan,0.101753,nan,1.400148
406,0.351424,0.823590,0.849831,0.101760,-6.658325,1.104275
407,0.285912,0.394361,nan,0.101760,nan,0.961228
408,0.601413,0.712281,1.901886,0.101767,-5.016879,1.627166
409,0.350197,0.564839,nan,0.101767,nan,1.079730
410,0.779123,0.606806,1.467026,0.101774,-4.697920,2.013725
411,0.562293,0.502671,nan,0.101774,nan,1.536236
412,0.453132,0.530429,0.719544,0.101781,-6.101217,1.329118
413,0.568061,0.378902,nan,0.101781,nan,1.588512
414,0.464361,0.375890,2.136316,0.101788,-5.834222,1.357203
415,0.558893,0.473593,nan,0.101788,nan,1.556815
416,0.598139,0.511253,1.309654,0.101795,-5.170965,1.624518
417,0.322714,0.374537,nan,0.101795,nan,1.036432
418,0.267752,0.391575,0.878304,0.101802,-5.696892,0.908426
419,0.262556,0.311523,nan,0.101802,nan,0.928904
420,0.408515,0.417254,1.542068,0.101809,-6.763024,1.227082
421,0.442530,0.534835,nan,0.101809,nan,1.306286
422,0.301760,0.323603,1.256946,0.101817,-7.699645,0.996938
423,0.492204,0.466433,nan,0.101817,nan,1.412737
424,0.334642,0.472080,1.754639,0.101825,-5.441444,1.070197
425,0.373275,0.429868,nan,0.101825,nan,1.177526
426,0.532960,0.599818,1.548285,0.101832,-4.110235,1.485412
427,0.423303,0.664379,nan,0.101832,nan,1.259764
428,0.308415,0.326112,0.724196,0.101839,-6.003914,1.030900
429,0.668966,0.490703,nan,0.101839,nan,1.791221
430,0.606227,0.743286,0.552978,0.101846,-3.099972,1.686147
431,0.379807,0.519820,nan,0.101846,nan,1.154283
432,0.456560,0.476090,2.205142,0.101853,-6.229333,1.308937
433,0.415449,0.897708,nan,0.101853,nan,1.247715
434,0.313055,0.595383,1.303253,0.101860,-4.871516,1.017183
435,0.337974,0.421787,nan,0.101860,nan,1.049427
436,0.303565,0.319092,1.163209,0.101866,-3.575012,0.997165
437,0.413953,0.557501,nan,0.101866,nan,1.226588
438,0.298250,0.374713,0.666622,0.101872,-5.517440,0.988475
439,0.538611,0.558375,nan,0.101872,nan,1.515550
440,0.286873,0.477100,1.883906,0.101878,-4.811122,0.990776
441,0.301219,0.457430,nan,0.101878,nan,1.022920
442,0.331943,0.463827,1.779498,0.101885,-6.889969,1.073676
443,0.398195,0.505610,nan,0.101885,nan,1.183192
444,0.377731,0.414310,0.763672,0.101892,-5.211728,1.139722
445,0.555826,0.551574,nan,0.101892,nan,1.545131
446,0.478911,0.415196,1.520399,0.101898,-4.612729,1.377243
447,0.346440,0.525820,nan,0.101898,nan,1.066030
448,0.435644,0.423332,1.741997,0.101904,-5.302017,1.302116
449,0.383045,0.535014,nan,0.101904,nan,1.207680
450,0.283536,0.390540,1.237793,0.101910,-3.936904,1.007140
451,0.251179,0.282305,nan,0.101910,nan,0.912092
452,0.312317,0.444436,1.690434,0.101916,-4.340512,1.040920
453,0.414396,0.558799,nan,0.101916,nan,1.241947
454,0.525880,0.499187,0.075497,0.101922,-4.848166,1.459818
455,0.524632,0.699360,nan,0.101922,nan,1.482910
456,0.564054,0.624553,0.375043,0.101927,-3.868081,1.576147
457,0.280840,0.243253,nan,0.101927,nan,0.893584
458,0.411410,0.430800,1.509629,0.101932,-3.404989,1.181946
459,0.421626,0.723421,nan,0.101932,nan,1.217268
460,0.262492,0.377213,0.812263,0.101937,-4.369748,0.938432
461,0.323296,0.325971,nan,0.101937,nan,1.078957
462,0.436744,0.604287,0.049489,0.101941,-4.500233,1.312637
463,0.642047,0.562690,nan,0.101941,nan,1.761128
464,0.474463,0.523668,1.721207,0.101946,-5.860616,1.368753
465,0.391393,0.467367,nan,0.101946,nan,1.146430
466,0.462576,0.705117,1.923009,0.101952,-5.362870,1.304028
467,0.397067,0.571195,nan,0.101952,nan,1.190082
468,0.352910,0.467921,0.532816,0.101957,-5.932146,1.080299
469,0.469904,0.467886,nan,0.101957,nan,1.350224
470,0.293305,0.390635,0.820184,0.101963,-5.312440,0.954179
471,0.241396,0.417735,nan,0.101963,nan,0.871587
472,0.569620,0.694688,0.889303,0.101969,-6.022815,1.569556
473,0.567535,0.685664,nan,0.101969,nan,1.584506
474,0.273667,0.522481,0.717112,0.101975,-6.000583,0.930369
475,0.559564,0.534712,nan,0.101975,nan,1.572246
476,0.357733,0.355703,1.521303,0.101981,-4.933931,1.124421
477,0.339021,0.336492,nan,0.101981,nan,1.062372
478,0.365342,0.506412,0.836975,0.101987,-3.352391,1.133550
479,0.379667,0.440595,nan,0.101987,nan,1.141338
480,0.376222,0.477059,-1.027252,0.101992,-2.409602,1.140119
481,1.080091,0.738075,nan,0.101992,nan,2.653034
482,1.138154,0.506479,-0.185632,0.101997,-5.750180,2.774011
483,0.653051,0.640961,nan,0.101997,nan,1.756926
484,0.749004,0.517089,1.203452,0.102002,-5.187193,1.924608
485,0.545838,0.752778,nan,0.102002,nan,1.472495
486,0.368586,0.570128,-0.271154,0.102008,-5.892327,1.117249
487,0.495481,0.535433,nan,0.102008,nan,1.404805
488,0.470482,0.727360,0.239701,0.102012,-2.765231,1.311238
489,0.546129,0.608691,nan,0.102012,nan,1.512619
490,0.483417,0.533338,0.480464,0.102017,-4.455424,1.341411
491,0.544069,0.719921,nan,0.102017,nan,1.482097
492,0.300270,0.357428,-0.661204,0.102022,-4.973392,1.007007
493,0.606466,0.589296,nan,0.102022,nan,1.674245
494,0.488368,0.673313,-0.974218,0.102027,-5.264985,1.429380
495,0.685393,0.599084,nan,0.102027,nan,1.841446
496,0.499439,0.543707,0.118177,0.102033,-5.780776,1.410944
497,0.464648,0.478636,nan,0.102033,nan,1.338286
498,0.416993,0.508059,-0.409267,0.102038,-3.676840,1.238186
499,0.482037,0.499808,nan,0.102038,nan,1.374447
500,0.409622,0.383096,-0.218026,0.102043,-7.416534,1.148797
501,0.366726,0.260313,nan,0.102043,nan,1.120220
502,0.308084,0.317048,1.351077,0.102049,-5.791574,0.986071
503,0.693794,0.537180,nan,0.102049,nan,1.824631
504,0.810592,0.764652,-0.084649,0.102055,-3.377882,2.084219
505,0.409620,0.511060,nan,0.102055,nan,1.270430
506,0.414340,0.472010,-1.529149,0.102060,-4.107833,1.285171
507,0.761493,0.675113,nan,0.102060,nan,1.993377
508,0.657271,0.583514,-0.495747,0.102065,-4.212429,1.770383
509,0.476777,0.475554,nan,0.102065,nan,1.344640
510,0.412192,0.459166,-0.391050,0.102071,-7.307092,1.180213
511,0.422103,0.453685,nan,0.102071,nan,1.241126
512,0.409483,0.346646,-0.752716,0.102078,-7.869654,1.232612
513,0.597478,0.410058,nan,0.102078,nan,1.632482
514,0.312325,0.348457,0.597266,0.102085,-5.328233,1.008168
515,0.368068,0.700937,nan,0.102085,nan,1.133797
516,0.387367,0.607281,0.156635,0.102091,-4.097293,1.179109
517,0.478852,0.558816,nan,0.102091,nan,1.366580
518,0.575818,0.684343,-1.910828,0.102097,-4.419936,1.523390
519,0.877294,0.675995,nan,0.102097,nan,2.216784
520,0.700418,0.664069,-1.377372,0.102103,-5.139002,1.839355
521,0.535674,0.562544,nan,0.102103,nan,1.494840
522,0.549158,0.423085,0.122692,0.102108,-2.132089,1.498135
523,0.459709,0.880198,nan,0.102108,nan,1.288168
524,0.555862,0.863776,-0.292069,0.102114,-6.863105,1.525543
525,0.453078,0.399014,nan,0.102114,nan,1.310255
526,0.465831,0.569954,-2.235745,0.102120,-5.964979,1.323885
527,0.808923,0.614611,nan,0.102120,nan,2.057955
528,0.606142,0.470646,-0.868435,0.102126,-5.134187,1.631189
529,0.426908,0.445552,nan,0.102126,nan,1.222031
530,0.525587,0.466094,-0.514688,0.102133,-6.860109,1.445611
531,0.362378,0.521001,nan,0.102133,nan,1.096564
532,0.361466,0.409746,-0.960069,0.102140,-6.197555,1.100962
533,0.323456,0.325518,nan,0.102140,nan,1.032126
534,0.387926,0.400183,-0.483421,0.102147,-4.883569,1.169152
535,0.351594,0.517576,nan,0.102147,nan,1.085702
536,0.380750,0.372880,-1.651888,0.102154,-6.313339,1.156650
537,0.473448,0.488021,nan,0.102154,nan,1.360019
538,0.505951,0.601282,-1.507530,0.102161,-5.961304,1.419368
539,0.349977,0.489005,nan,0.102161,nan,1.083942
540,0.355245,0.424742,0.411403,0.102169,-6.274897,1.095430
541,0.553499,0.628258,nan,0.102169,nan,1.484946
542,0.475383,0.521585,-1.548864,0.102177,-6.192703,1.311509
543,0.647100,0.608645,nan,0.102177,nan,1.695587
544,0.355984,0.484211,-1.983545,0.102184,-3.063034,1.048484
545,0.446702,0.529299,nan,0.102184,nan,1.264606
546,0.370526,0.383053,0.580061,0.102190,-5.107135,1.081187
547,0.759044,0.611305,nan,0.102190,nan,1.937163
548,0.512809,0.566269,0.314185,0.102197,-4.781246,1.426345
549,0.454988,0.621410,nan,0.102197,nan,1.281029
550,0.383882,0.522678,-0.442115,0.102204,-4.493917,1.139904
551,0.514013,0.733393,nan,0.102204,nan,1.435892
552,0.313253,0.501641,0.408802,0.102211,-6.921606,1.032838
553,0.410543,0.671314,nan,0.102211,nan,1.250464
554,0.392574,0.520250,-0.717466,0.102217,-5.036252,1.210344
555,0.310878,0.311828,nan,0.102217,nan,1.022744
556,0.497579,0.526607,-0.970615,0.102224,-5.538729,1.368659
557,0.462020,0.525789,nan,0.102224,nan,1.270844
558,0.313719,0.376197,-1.109678,0.102231,-5.276995,0.959724
559,0.471029,0.580155,nan,0.102231,nan,1.297888
560,0.446334,0.398214,-1.047861,0.102238,-4.204414,1.269020
561,0.428467,0.413583,nan,0.102238,nan,1.215361
562,0.495303,0.538460,-0.212423,0.102245,-5.920369,1.375556
563,0.577917,0.621027,nan,0.102245,nan,1.511008
564,0.269379,0.270790,-0.730046,0.102251,-4.429018,0.831489
565,0.369622,0.510619,nan,0.102251,nan,1.058706
566,0.529546,0.479325,-0.820679,0.102258,-4.119151,1.437819
567,0.493106,0.467852,nan,0.102258,nan,1.340426
568,0.443026,0.498435,-0.790466,0.102263,-3.592552,1.268142
569,0.442006,0.435084,nan,0.102263,nan,1.263984
570,0.337864,0.379619,-0.877190,0.102270,-7.087398,1.047193
571,0.494197,0.538573,nan,0.102270,nan,1.380521
572,0.321868,0.331185,0.138131,0.102276,-4.628926,1.016060
573,0.279560,0.338516,nan,0.102276,nan,0.949431
574,0.321260,0.725564,0.514769,0.102282,-5.839697,1.040987
575,0.290042,0.392727,nan,0.102282,nan,0.967539
576,0.447630,0.443872,-1.638705,0.102289,-5.686233,1.300058
577,0.647773,0.844748,nan,0.102289,nan,1.713814
578,0.596693,0.650500,-1.444271,0.102295,-3.348729,1.598682
579,0.425870,0.469849,nan,0.102295,nan,1.226711
580,0.404354,0.351357,0.916487,0.102301,-3.657259,1.183529
581,0.517353,0.590804,nan,0.102301,nan,1.416308
582,0.545631,0.625490,-0.756976,0.102307,-5.901857,1.471385
583,0.377865,0.351490,nan,0.102307,nan,1.121261
584,0.407435,0.532458,-0.824920,0.102312,-4.280930,1.169328
585,0.363134,0.405531,nan,0.102312,nan,1.070732
586,0.526171,0.719143,0.204522,0.102319,-5.867192,1.429002
587,0.327801,0.339711,nan,0.102319,nan,1.007401
588,0.548938,0.322540,0.321628,0.102324,-4.426962,1.510877
589,0.416367,0.453517,nan,0.102324,nan,1.250023
590,0.363919,0.418192,0.111776,0.102330,-2.894770,1.145432
591,0.507962,0.419968,nan,0.102330,nan,1.434313
592,0.355790,0.406054,-1.015234,0.102334,-2.623856,1.095100
593,0.490355,0.439098,nan,0.102334,nan,1.372238
594,0.333334,0.407392,-0.007567,0.102338,-3.601226,1.013008
595,0.414384,0.323881,nan,0.102338,nan,1.184164
596,0.401610,0.415854,0.360261,0.102342,-4.060529,1.179066
597,0.360421,0.310661,nan,0.102342,nan,1.086531
598,0.456300,0.488679,-0.530362,0.102346,-4.479259,1.283490
599,0.257953,0.366293,nan,0.102346,nan,0.863549
600,0.212301,0.259677,-0.487733,0.102350,-3.945617,0.767717
601,0.448192,0.535210,nan,0.102350,nan,1.284996
602,0.416760,0.459911,0.018814,0.102355,-7.303489,1.210399
603,0.344904,0.349274,nan,0.102355,nan,1.054249
604,0.292271,0.618820,1.792399,0.102360,-4.627921,0.950728
605,0.315069,0.578133,nan,0.102360,nan,1.009970
606,0.216031,0.212969,0.479413,0.102365,-3.641561,0.797830
607,0.356980,0.293568,nan,0.102365,nan,1.105814
608,0.294156,0.215561,0.465997,0.102369,-3.582683,0.934954
609,0.421106,0.432138,nan,0.102369,nan,1.202115
610,0.306209,0.344591,-0.773506,0.102374,-6.293334,0.959483
611,0.549934,0.593347,nan,0.102374,nan,1.515763
612,0.429580,0.470395,-0.435870,0.102379,-4.021318,1.231995
613,0.213860,0.294759,nan,0.102379,nan,0.765240
614,0.296932,0.522849,1.213108,0.102384,-5.599967,0.964162
615,0.439766,0.597863,nan,0.102384,nan,1.286898
616,0.290205,0.300240,-1.009898,0.102389,-4.454848,0.973978
617,0.522928,0.437992,nan,0.102389,nan,1.468009
618,0.613137,0.745330,-0.203262,0.102394,-4.357641,1.656786
619,0.419713,0.801697,nan,0.102394,nan,1.237484
620,0.468844,0.503542,0.450033,0.102398,-4.014391,1.337067
621,0.589862,0.826218,nan,0.102398,nan,1.605286
622,0.376825,0.677215,0.537131,0.102403,-3.821544,1.134678
623,0.574863,0.479349,nan,0.102403,nan,1.563640
624,0.435923,0.411439,-0.815694,0.102407,-4.287782,1.264147
625,0.815315,0.420628,nan,0.102407,nan,2.075704
626,0.702783,0.643209,-0.688771,0.102411,-3.848938,1.843599
627,0.501802,0.788634,nan,0.102411,nan,1.387515
628,0.509392,0.542540,-0.205118,0.102415,-3.591027,1.400393
629,0.424648,0.688496,nan,0.102415,nan,1.260190
630,0.401359,0.442943,0.593956,0.102419,-5.467309,1.191477
631,0.434785,0.410465,nan,0.102419,nan,1.270981
632,0.452741,0.438877,-0.225812,0.102423,-3.446299,1.314839
633,0.637305,0.480860,nan,0.102423,nan,1.707182
634,0.487355,0.476640,-0.287358,0.102427,-3.186552,1.390613
635,0.388565,0.538582,nan,0.102427,nan,1.178783
636,0.501822,0.492444,-0.158716,0.102431,-5.254390,1.413770
637,0.424235,0.473296,nan,0.102431,nan,1.249184
638,0.276045,0.260320,1.225338,0.102435,-4.167066,0.936261
639,0.600831,0.301166,nan,0.102435,nan,1.660946
640,0.448937,0.331514,0.346199,0.102439,-5.501871,1.324734
641,0.430154,0.533943,nan,0.102439,nan,1.282340
642,0.376541,0.322844,0.085155,0.102444,-5.923626,1.148816
643,0.376846,0.416273,nan,0.102444,nan,1.124375
644,0.362282,0.370721,-0.576175,0.102448,-3.754456,1.103455
645,0.369477,0.382926,nan,0.102448,nan,1.101987
646,0.501232,0.592753,0.140525,0.102453,-4.260718,1.409048
647,0.556856,0.770644,nan,0.102453,nan,1.548184
648,0.415504,0.389852,-0.903597,0.102457,-4.699462,1.260244
649,0.403880,0.755943,nan,0.102457,nan,1.242676
650,0.377919,0.574783,-0.152263,0.102462,-5.318968,1.175188
651,0.227835,0.246719,nan,0.102462,nan,0.847382
652,0.346009,0.426962,-0.443183,0.102467,-4.502778,1.097334
653,0.278014,0.189214,nan,0.102467,nan,0.936372
654,0.343196,0.431411,-0.262936,0.102472,-5.692891,1.084052
655,0.549036,0.457789,nan,0.102472,nan,1.527383
656,0.423303,0.492769,0.036794,0.102477,-5.058371,1.247408
657,0.449356,0.519119,nan,0.102477,nan,1.300656
658,0.428409,0.464003,-1.076518,0.102481,-0.930362,1.280659
659,0.500661,0.517787,nan,0.102481,nan,1.438583
660,0.340512,0.312965,-0.068427,0.102485,-4.030467,1.083758
661,0.341581,0.274487,nan,0.102485,nan,1.076596
662,0.537845,0.444181,0.177921,0.102489,-4.816475,1.490294
663,0.256309,0.230356,nan,0.102489,nan,0.885098
664,0.651666,0.558435,-0.371378,0.102493,-3.519081,1.707773
665,0.476083,0.445936,nan,0.102493,nan,1.373136
666,0.419643,0.440521,0.785222,0.102497,-5.531976,1.230878
667,0.445191,0.434598,nan,0.102497,nan,1.297220
668,0.315754,0.345813,-0.283186,0.102501,-3.563121,1.002066
669,0.383231,0.364317,nan,0.102501,nan,1.164599
670,0.295557,0.372237,-0.070306,0.102505,-4.004789,0.940980
671,0.421214,0.343301,nan,0.102505,nan,1.261606
672,0.328527,0.357173,-0.296718,0.102509,-3.562945,1.035784
673,0.445104,0.384484,nan,0.102509,nan,1.317631
674,0.384876,0.345122,0.927988,0.102513,-5.179107,1.189978
675,0.451166,0.416417,nan,0.102513,nan,1.313629
676,0.563848,0.516525,-0.171797,0.102516,-3.869248,1.576854
677,0.736360,0.347270,nan,0.102516,nan,1.951897
678,0.460350,0.596966,0.845154,0.102520,-4.511797,1.320969
679,0.376010,0.351408,nan,0.102520,nan,1.148995
680,0.355424,0.494443,0.865819,0.102524,-3.332228,1.100879
681,0.407466,0.504715,nan,0.102524,nan,1.234286
682,0.334304,0.449882,0.329343,0.102528,-4.942854,1.052636
683,0.325225,0.344902,nan,0.102528,nan,1.041679
684,0.633431,0.706948,-0.035701,0.102532,-5.679233,1.724974
685,0.539697,0.396483,nan,0.102532,nan,1.537855
686,0.416091,0.472069,0.733457,0.102537,-5.556421,1.244456
687,0.507690,0.466260,nan,0.102537,nan,1.422616
688,0.357781,0.429496,0.549052,0.102541,-4.916235,1.110605
689,0.534248,0.684713,nan,0.102541,nan,1.493441
690,0.352491,0.337485,0.697998,0.102546,-3.969401,1.113191
691,0.298081,0.544696,nan,0.102546,nan,0.993608
692,0.482122,0.472919,0.605850,0.102551,-5.682593,1.376186
693,0.529421,0.496307,nan,0.102551,nan,1.504853
694,0.341731,0.542732,0.221204,0.102557,-5.516075,1.091349
695,0.430312,0.465465,nan,0.102557,nan,1.263903
696,0.555984,0.578192,-1.004549,0.102561,-3.482182,1.534991
697,0.409749,0.459590,nan,0.102561,nan,1.222350
698,0.256245,0.267107,0.357682,0.102566,-3.983088,0.886593
699,0.433557,0.364091,nan,0.102566,nan,1.291166
700,0.323331,0.371148,-0.390786,0.102570,-2.410737,1.024423
701,0.319916,0.401974,nan,0.102570,nan,1.027584
702,0.361967,0.383125,0.272218,0.102574,-2.887917,1.137029
703,0.374460,0.488961,nan,0.102574,nan,1.178043
704,0.352015,0.353332,1.005582,0.102577,-3.051819,1.132027
705,0.873330,0.499822,nan,0.102577,nan,2.226043
706,0.588739,0.402866,-0.676131,0.102580,-3.327055,1.629890
707,0.295926,0.220200,nan,0.102580,nan,0.999036
708,0.394669,0.291531,0.465279,0.102583,-3.618066,1.236046
709,0.593881,0.423849,nan,0.102583,nan,1.630171
710,0.322739,0.338542,0.181517,0.102586,-4.884450,1.057629
711,0.405319,0.294350,nan,0.102586,nan,1.248400
712,0.358408,0.402496,-0.155690,0.102588,-3.122926,1.128515
713,0.368782,0.371853,nan,0.102588,nan,1.154442
714,0.478287,0.488929,-0.213290,0.102591,-4.310429,1.369390
715,0.306733,0.226746,nan,0.102591,nan,1.027953
716,0.397827,0.444061,-0.076111,0.102594,-3.758775,1.218156
717,0.460254,0.472390,nan,0.102594,nan,1.350068
718,0.426389,0.567917,-1.236174,0.102597,-4.857615,1.284348
719,0.414492,0.550037,nan,0.102597,nan,1.286470
720,0.327831,0.629065,-0.128014,0.102601,-5.067711,1.097664
721,0.297350,0.377848,nan,0.102601,nan,1.017006
722,0.278701,0.536458,1.625333,0.102604,-2.896824,0.978124
723,0.500696,0.869074,nan,0.102604,nan,1.433384
724,0.592763,0.618574,-0.591344,0.102607,-3.952766,1.646129
725,0.346147,0.346193,nan,0.102607,nan,1.140214
726,0.265347,0.431922,0.294247,0.102611,-5.480126,0.951260
727,0.270770,0.326928,nan,0.102611,nan,0.973587
728,0.331724,0.314445,1.147187,0.102614,-4.397366,1.100210
729,0.418730,0.640387,nan,0.102614,nan,1.272581
730,0.458063,0.547281,-0.712072,0.102617,-2.173315,1.338580
731,0.438179,0.452198,nan,0.102617,nan,1.325648
732,0.440515,0.628636,-0.473790,0.102621,-5.149916,1.301203
733,0.534038,0.561067,nan,0.102621,nan,1.530667
734,0.290316,0.300491,1.294692,0.102624,-4.126478,0.982467
735,0.458188,0.335699,nan,0.102624,nan,1.371346
736,0.576735,0.741278,1.490110,0.102627,-4.710707,1.618371
737,0.312045,0.820384,nan,0.102627,nan,1.025219
738,0.268052,0.450085,-0.336969,0.102631,-4.280475,0.947456
739,0.407151,0.622370,nan,0.102631,nan,1.257917
740,0.481994,0.695041,-1.238967,0.102635,-4.887936,1.398692
741,0.534895,0.523797,nan,0.102635,nan,1.548741
742,0.274153,0.346669,1.218476,0.102639,-5.206669,0.958133
743,0.482807,0.371334,nan,0.102639,nan,1.425529
744,0.441318,0.601009,1.420184,0.102643,-3.040723,1.328901
745,0.362613,1.012199,nan,0.102643,nan,1.106089
746,0.302042,0.477855,-0.265912,0.102647,-3.538551,0.995954
747,0.294996,0.393507,nan,0.102647,nan,0.968812
748,0.444226,0.618078,-0.150295,0.102650,-3.033416,1.342270
749,0.478473,0.560644,nan,0.102650,nan,1.420381
750,0.352595,0.334232,0.317759,0.102652,-0.955880,1.139918
751,0.394697,0.593551,nan,0.102652,nan,1.229532
752,0.309858,0.430514,-0.127581,0.102654,-4.597348,1.061144
753,0.308479,0.348072,nan,0.102654,nan,1.043314
754,0.410103,0.434601,-0.161379,0.102657,-4.300069,1.285645
755,0.314210,0.397902,nan,0.102657,nan,1.045188
756,0.265849,0.338218,0.211011,0.102660,-5.615389,0.930494
757,0.238472,0.235437,nan,0.102660,nan,0.909403
758,0.414949,0.350858,-0.171513,0.102662,-0.334879,1.281774
759,0.327066,0.349447,nan,0.102662,nan,1.083231
760,0.431585,0.240951,0.738403,0.102664,-3.874715,1.334752
761,0.620621,0.319262,nan,0.102664,nan,1.729990
762,0.452696,0.469734,0.482564,0.102666,-3.915412,1.305544
763,0.484930,0.444194,nan,0.102666,nan,1.402697
764,0.292223,0.508222,-0.258378,0.102668,-5.423008,0.987565
765,0.536862,0.454819,nan,0.102668,nan,1.552424
766,0.491362,0.545480,0.333557,0.102671,-2.965142,1.431018
767,0.406963,0.285404,nan,0.102671,nan,1.257852
768,0.435480,0.332476,-0.056629,0.102673,-3.204098,1.283241
769,0.379716,0.304229,nan,0.102673,nan,1.215520
770,0.430098,0.413496,0.284199,0.102675,-5.165015,1.309839
771,0.369088,0.390301,nan,0.102675,nan,1.139112
772,0.392125,0.325903,0.055363,0.102678,-4.998736,1.218470
773,0.503046,0.331239,nan,0.102678,nan,1.485613
774,0.476867,0.500382,0.034399,0.102680,-1.910332,1.431781
775,0.420668,0.402499,nan,0.102680,nan,1.281549
776,0.440688,0.419932,-0.048835,0.102683,-3.691121,1.305563
777,0.535582,0.375787,nan,0.102683,nan,1.556877
778,0.411527,0.309724,-0.232311,0.102684,-2.482654,1.298509
779,0.398160,0.359924,nan,0.102684,nan,1.234524
780,0.348891,0.311483,0.246005,0.102687,-4.870346,1.130157
781,0.366523,0.355911,nan,0.102687,nan,1.190977
782,0.336768,0.269400,0.007832,0.102690,-6.105979,1.130324
783,0.284619,0.494832,nan,0.102690,nan,0.979113
784,0.268668,0.256073,0.165636,0.102692,-1.792986,0.954015
785,0.307561,0.387314,nan,0.102692,nan,1.045080
786,0.298365,0.352398,0.073737,0.102694,-2.779892,1.026243
787,0.473427,0.380233,nan,0.102694,nan,1.365635
788,0.238204,0.351247,-0.211103,0.102695,-1.998510,0.874487
789,0.329615,0.209735,nan,0.102695,nan,1.125514
790,0.520594,0.568654,-0.006935,0.102696,-3.211966,1.488988
791,0.204446,0.292928,nan,0.102696,nan,0.774886
792,0.535805,0.501299,-0.174836,0.102698,-4.360176,1.489490
793,0.443053,0.279471,nan,0.102698,nan,1.359079
794,0.614039,0.510409,-0.350014,0.102699,-3.032242,1.720722
795,0.378606,0.450834,nan,0.102699,nan,1.192616
796,0.378877,0.350618,0.157820,0.102700,-3.418132,1.157600
797,0.528569,0.498650,nan,0.102700,nan,1.536419
798,0.443502,0.494971,0.204166,0.102702,-4.517167,1.318918
799,0.276036,0.402898,nan,0.102702,nan,0.939165
800,0.318149,0.346215,0.040638,0.102704,-3.867385,1.060865
801,0.626583,0.446585,nan,0.102704,nan,1.753414
802,0.267109,0.431967,1.002338,0.102706,-3.671009,0.943789
803,0.436168,0.317652,nan,0.102706,nan,1.317810
804,0.280209,0.269203,0.144361,0.102708,-4.926828,0.936831
805,0.630756,0.361821,nan,0.102708,nan,1.769027
806,0.683273,0.527560,-0.471445,0.102710,-3.530854,1.864980
807,0.317142,0.396404,nan,0.102710,nan,1.085399
808,0.480240,0.399120,0.846596,0.102712,-3.084918,1.407614
809,0.295283,0.396234,nan,0.102712,nan,1.011627
810,0.323967,0.468139,-0.047022,0.102714,-3.357762,1.053112
811,0.211279,0.254098,nan,0.102714,nan,0.788165
812,0.286507,0.300202,0.181660,0.102716,-5.003927,0.962573
813,0.322899,0.241142,nan,0.102716,nan,1.086387
814,0.355457,0.354609,0.872835,0.102718,-2.765072,1.117564
815,0.714341,0.347120,nan,0.102718,nan,1.914337
816,0.574230,0.423255,0.246694,0.102721,-5.945078,1.580344
817,0.437478,0.445119,nan,0.102721,nan,1.284906
818,0.382091,0.377540,-0.011447,0.102723,-2.958932,1.202321
819,0.296999,0.395342,nan,0.102723,nan,0.983490
820,0.451642,0.481164,0.039308,0.102725,-3.417483,1.319655
821,0.464879,0.500279,nan,0.102725,nan,1.356308
822,0.354170,0.379474,0.232073,0.102728,-5.187396,1.149506
823,0.260544,0.278443,nan,0.102728,nan,0.924821
824,0.343828,0.288153,0.706725,0.102730,-2.090686,1.130854
825,0.301559,0.361338,nan,0.102730,nan,1.015948
826,0.389395,0.340759,-0.280250,0.102733,-3.912921,1.192277
827,0.443117,0.467076,nan,0.102733,nan,1.311218
828,0.455633,0.400064,0.140766,0.102735,-4.937649,1.356544
829,0.350416,0.386482,nan,0.102735,nan,1.108513
830,0.295088,0.285313,1.085736,0.102738,-3.265022,0.974912
831,0.230615,0.271140,nan,0.102738,nan,0.831517
832,0.391753,0.415039,-0.987580,0.102740,-2.257300,1.191014
833,0.604129,0.694881,nan,0.102740,nan,1.709078
834,0.509890,0.640128,-0.517529,0.102741,-2.900508,1.498933
835,0.347415,0.479464,nan,0.102741,nan,1.141608
836,0.376601,0.389505,0.747534,0.102743,-3.565372,1.170346
837,0.264945,0.323214,nan,0.102743,nan,0.937158
838,0.554141,0.613154,0.724631,0.102744,-3.697112,1.532983
839,0.279197,0.300492,nan,0.102744,nan,0.943539
840,0.360050,0.387850,-0.246823,0.102746,-3.076014,1.127425
841,0.449591,0.363302,nan,0.102746,nan,1.370019
842,0.567196,0.610804,-0.337196,0.102747,-3.213849,1.626512
843,0.360559,0.386079,nan,0.102747,nan,1.177394
844,0.439908,0.436421,0.983774,0.102748,-2.712713,1.344414
845,0.314872,0.425097,nan,0.102748,nan,1.045463
846,0.329053,0.339478,0.460257,0.102749,-3.079721,1.011394
847,0.439158,0.450960,nan,0.102749,nan,1.258101
848,0.561409,0.632706,-0.452608,0.102749,-1.101921,1.539673
849,0.342471,0.446795,nan,0.102749,nan,1.092696
850,0.440679,0.455478,0.572899,0.102749,-4.035677,1.286041
851,0.313381,0.350272,nan,0.102749,nan,1.037293
852,0.371869,0.367053,0.668798,0.102750,-4.539173,1.172948
853,0.287336,0.288053,nan,0.102750,nan,0.986461
854,0.529550,0.505269,-0.399699,0.102751,-4.102012,1.519918
855,0.375505,0.395110,nan,0.102751,nan,1.184065
856,0.247688,0.359703,1.528556,0.102753,-5.966212,0.858676
857,0.400608,0.380501,nan,0.102753,nan,1.163025
858,0.368006,0.533518,0.613128,0.102755,-3.058782,1.135310
859,0.293211,0.300644,nan,0.102755,nan,0.979549
860,0.330812,0.438283,0.390843,0.102757,-3.597620,1.046934
861,0.391689,0.368823,nan,0.102757,nan,1.173699
862,0.422042,0.409561,0.119271,0.102758,-2.228238,1.286286
863,0.373197,0.367481,nan,0.102758,nan,1.172066
864,0.656267,0.585734,0.518545,0.102760,-5.494798,1.734683
865,0.386828,0.362005,nan,0.102760,nan,1.166164
866,0.407412,0.449231,-0.267316,0.102762,-4.232923,1.248637
867,0.367100,0.372759,nan,0.102762,nan,1.146221
868,0.313290,0.440280,0.285477,0.102765,-3.655089,1.019684
869,0.469319,0.522960,nan,0.102765,nan,1.359492
870,0.330458,0.333803,0.695647,0.102767,-4.571111,1.060399
871,0.573663,0.687160,nan,0.102767,nan,1.584877
872,0.327342,0.346362,0.651312,0.102769,-1.705217,1.041215
873,0.467306,0.440562,nan,0.102769,nan,1.336086
874,0.331583,0.412647,-0.008175,0.102770,-2.481939,1.064507
875,0.380357,0.226323,nan,0.102770,nan,1.213817
876,0.366909,0.477923,0.876601,0.102771,-2.647899,1.172123
877,0.450107,0.441283,nan,0.102771,nan,1.307839
878,0.360451,0.381470,1.102182,0.102772,-3.058376,1.089042
879,0.340405,0.529831,nan,0.102772,nan,1.076449
880,0.448006,0.738379,-0.144771,0.102773,-2.479272,1.338839
881,0.299739,0.388713,nan,0.102773,nan,0.994933
882,0.476772,0.529263,-0.069198,0.102773,-2.152919,1.330527
883,0.264659,0.315431,nan,0.102773,nan,0.900986
884,0.359472,0.351276,1.222142,0.102773,-2.916012,1.139912
885,0.339315,0.455704,nan,0.102773,nan,1.062944
886,0.579323,0.534745,0.819584,0.102773,-5.522557,1.608654
887,0.467586,0.416323,nan,0.102773,nan,1.345776
888,0.452194,0.475355,-0.673869,0.102774,-1.398596,1.360906
889,0.416639,0.381957,nan,0.102774,nan,1.288334
890,0.345795,0.384550,0.923805,0.102774,-4.270594,1.099249
891,0.472135,0.435422,nan,0.102774,nan,1.362001
892,0.627595,0.723779,0.873165,0.102775,-3.902303,1.683455
893,0.347335,0.470479,nan,0.102775,nan,1.100296
894,0.241464,0.203525,-0.065948,0.102775,-2.137296,0.878923
895,0.353655,0.434746,nan,0.102775,nan,1.099461
896,0.590798,0.643833,-0.318245,0.102776,-3.686086,1.607227
897,0.402182,0.420209,nan,0.102776,nan,1.202476
898,0.459732,0.473001,0.093588,0.102775,-1.676763,1.340464
899,0.360548,0.333631,nan,0.102775,nan,1.094992
900,0.424633,0.472581,0.444727,0.102776,-5.483605,1.261577
901,0.454333,0.451384,nan,0.102776,nan,1.359813
902,0.331812,0.363367,0.320989,0.102777,-3.207138,1.069345
903,0.320527,0.345116,nan,0.102777,nan,1.039808
904,0.515804,0.503352,0.501933,0.102778,-3.822325,1.439331
905,0.400410,0.504692,nan,0.102778,nan,1.176466
906,0.369299,0.402678,-0.703507,0.102779,-4.162428,1.123774
907,0.513299,0.528402,nan,0.102779,nan,1.484022
908,0.658054,0.747437,-0.749726,0.102780,-2.998168,1.795236
909,0.439596,0.601555,nan,0.102780,nan,1.312129
910,0.429750,0.468816,0.389271,0.102781,-3.210886,1.262173
911,0.529634,0.593641,nan,0.102781,nan,1.491102
912,0.403977,0.568601,0.503659,0.102782,-2.937006,1.233425
913,0.504912,0.550122,nan,0.102782,nan,1.426345
914,0.443306,0.486707,-0.559546,0.102782,-2.609340,1.277977
915,0.439889,0.564641,nan,0.102782,nan,1.323682
916,0.492726,0.501165,-0.081402,0.102781,-0.571669,1.425221
917,0.376897,0.354620,nan,0.102781,nan,1.152865
918,0.411211,0.432922,-0.157406,0.102781,-2.799754,1.191940
919,0.439231,0.458784,nan,0.102781,nan,1.318515
920,0.405973,0.494940,0.355488,0.102780,-1.810131,1.193160
921,0.291256,0.308585,nan,0.102780,nan,0.941744
922,0.551025,0.819054,1.652029,0.102779,-3.253265,1.484547
923,0.286200,0.637358,nan,0.102779,nan,0.947395
924,0.327824,0.435658,0.837480,0.102777,-1.553860,1.043734
925,0.223380,0.411353,nan,0.102777,nan,0.814812
926,0.449715,0.499242,-0.622991,0.102775,-2.293126,1.294406
927,0.575852,0.357903,nan,0.102775,nan,1.624774
928,0.489080,0.525791,0.390300,0.102775,-5.658586,1.412351
929,0.496873,0.507657,nan,0.102775,nan,1.367689
930,0.459140,0.471259,1.032867,0.102775,-5.108003,1.312407
931,0.398451,0.539010,nan,0.102775,nan,1.175810
932,0.447457,0.578858,-0.168138,0.102775,-3.338975,1.303303
933,0.298604,0.468039,nan,0.102775,nan,0.995604
934,0.407137,0.617681,0.208487,0.102776,-2.896450,1.214730
935,0.269656,0.297526,nan,0.102776,nan,0.907195
936,0.339550,0.400547,1.631357,0.102776,-3.709624,1.088697
937,0.337266,0.585567,nan,0.102776,nan,1.056851
938,0.477482,0.494576,1.160697,0.102777,-5.302225,1.320439
939,0.461359,0.443811,nan,0.102777,nan,1.269778
940,0.457137,0.393283,-0.665207,0.102777,-1.429776,1.339839
941,0.502777,0.525007,nan,0.102777,nan,1.440727
942,0.452510,0.640698,1.080636,0.102778,-2.371311,1.297689
943,0.561495,0.393939,nan,0.102778,nan,1.524083
944,0.651313,0.543998,1.467203,0.102778,-4.547547,1.698932
945,0.307286,0.563906,nan,0.102778,nan,0.959916
946,0.525966,0.568870,0.015427,0.102778,-2.447840,1.472939
947,0.366952,0.520418,nan,0.102778,nan,1.085911
948,0.639113,0.580075,0.824778,0.102779,-3.765083,1.648675
949,0.295183,0.403789,nan,0.102779,nan,0.921491
950,0.473060,0.534606,0.966818,0.102779,-2.282352,1.339636
951,0.416434,0.553184,nan,0.102779,nan,1.206865
952,0.424367,0.446581,0.844015,0.102779,-2.873222,1.211908
953,0.348508,0.356537,nan,0.102779,nan,1.049585
954,0.362536,0.508546,-0.624566,0.102778,-1.843758,1.086829
955,0.539006,0.405778,nan,0.102778,nan,1.502970
956,0.640908,0.543041,0.007734,0.102778,-2.820482,1.726258
957,0.467195,0.472658,nan,0.102778,nan,1.340386
958,0.356729,0.345835,0.798720,0.102777,-4.017662,1.099829
959,0.339302,0.351268,nan,0.102777,nan,1.046594
960,0.341205,0.343836,0.755085,0.102777,-1.802831,1.043612
961,0.522334,0.470108,nan,0.102777,nan,1.423166
962,0.318728,0.348564,0.593726,0.102776,-4.156168,1.009043
963,0.531303,0.464506,nan,0.102776,nan,1.444298
964,0.303142,0.335206,0.570075,0.102776,-3.552557,0.987497
965,0.493861,0.538387,nan,0.102776,nan,1.378771
966,0.522687,0.539388,0.863443,0.102776,-2.599532,1.450464
967,0.680222,0.532202,nan,0.102776,nan,1.746305
968,0.479120,0.415253,0.893380,0.102776,-3.516568,1.299053
969,0.495155,0.523553,nan,0.102776,nan,1.389534
970,0.538254,0.546583,-0.285548,0.102775,-3.100784,1.464179
971,0.564541,0.685168,nan,0.102775,nan,1.537008
972,0.528605,0.614275,-0.130388,0.102775,-3.482483,1.462264
973,0.461776,0.472201,nan,0.102775,nan,1.327596
974,0.490289,0.499239,0.865318,0.102774,-0.042710,1.365209
975,0.441891,0.453625,nan,0.102774,nan,1.249039
976,0.319119,0.335908,-0.248942,0.102773,-3.709356,0.992655
977,0.407645,0.442433,nan,0.102773,nan,1.218009
978,0.224122,0.329786,0.779908,0.102772,-2.231203,0.804411
979,0.350806,0.374065,nan,0.102772,nan,1.078308
980,0.374882,0.393675,1.692978,0.102772,-4.700463,1.135083
981,0.253646,0.280535,nan,0.102772,nan,0.853567
982,0.365129,0.332953,0.585360,0.102772,-3.948352,1.112538
983,0.484941,0.525891,nan,0.102772,nan,1.368418
984,0.483553,0.426553,-0.135088,0.102771,-2.005603,1.365751
985,0.464342,0.479721,nan,0.102771,nan,1.343064
986,0.389514,0.530133,1.097091,0.102770,-2.077073,1.172041
987,0.533811,0.532699,nan,0.102770,nan,1.480024
988,0.279619,0.343834,1.502068,0.102769,-3.762341,0.920564
989,0.426449,0.482398,nan,0.102769,nan,1.242429
990,0.425561,0.383530,0.639416,0.102769,-4.641642,1.233921
991,0.332393,0.389204,nan,0.102769,nan,1.048211
992,0.435300,0.433011,0.310791,0.102769,-1.211486,1.290692
993,0.352375,0.407737,nan,0.102769,nan,1.079744
994,0.433864,0.395999,1.529863,0.102768,-2.837231,1.257131
995,0.308910,0.335276,nan,0.102768,nan,0.988422
996,0.500973,0.501878,0.593940,0.102768,-4.033794,1.410446
997,0.469326,0.508381,nan,0.102768,nan,1.356974
998,0.539909,0.605520,0.036733,0.102768,-4.437381,1.516163
999,0.464866,0.556435,nan,0.102768,nan,1.340284
1000,0.353379,0.495339,0.956489,0.102767,-1.905919,1.076254
1001,0.508965,0.570454,nan,0.102767,nan,1.403994
1002,0.347453,0.364116,1.943704,0.102767,-3.194346,1.077400
1003,0.535053,0.521074,nan,0.102767,nan,1.471640
1004,0.371328,0.337412,0.512813,0.102766,-0.892849,1.100937
1005,0.405649,0.367581,nan,0.102766,nan,1.235510
1006,0.401083,0.452077,0.408116,0.102764,-0.623639,1.206731
1007,0.418111,0.502458,nan,0.102764,nan,1.233770
1008,0.456262,0.447983,1.478906,0.102762,-3.500637,1.295710
1009,0.419944,0.517542,nan,0.102762,nan,1.239474
1010,0.350064,0.373511,1.194227,0.102759,-0.236758,1.096111
1011,0.468380,0.507077,nan,0.102759,nan,1.332951
1012,0.519214,0.547758,0.629392,0.102757,-3.737531,1.437169
1013,0.443151,0.404687,nan,0.102757,nan,1.285316
1014,0.338013,0.339088,0.874879,0.102754,-2.161938,1.013813
1015,0.360491,0.387800,nan,0.102754,nan,1.108836
1016,0.412338,0.386268,0.246600,0.102751,-0.688899,1.224620
1017,0.350060,0.358361,nan,0.102751,nan,1.092341
1018,0.439709,0.447646,1.600460,0.102748,-2.820346,1.252745
1019,0.381892,0.475881,nan,0.102748,nan,1.146485
1020,0.374957,0.501654,1.989812,0.102745,-1.524772,1.154173
1021,0.404935,0.403604,nan,0.102745,nan,1.201970
1022,0.451801,0.355984,0.589168,0.102741,-1.454148,1.303356
1023,0.427475,0.522526,nan,0.102741,nan,1.261792
1024,0.495142,0.510763,1.028813,0.102737,-2.915374,1.392884
1025,0.315186,0.358860,nan,0.102737,nan,1.030531
1026,0.522744,0.464204,0.945467,0.102734,-3.661168,1.453484
1027,0.653655,0.684746,nan,0.102734,nan,1.719759
1028,0.629763,0.556826,0.333607,0.102732,-3.640261,1.691594
1029,0.467160,0.463404,nan,0.102732,nan,1.341835
1030,0.574387,0.666698,1.165769,0.102730,-3.283707,1.529559
1031,0.416660,0.412112,nan,0.102730,nan,1.222557
1032,0.505348,0.709419,1.641793,0.102728,-4.051319,1.404842
1033,0.419024,0.654027,nan,0.102728,nan,1.256377
1034,0.662991,0.645858,0.472170,0.102726,-1.854841,1.732397
1035,0.477911,0.632069,nan,0.102726,nan,1.343426
1036,0.401935,0.584261,0.879035,0.102724,-2.623081,1.185266
1037,0.391248,0.369624,nan,0.102724,nan,1.184093
1038,0.376405,0.530091,1.283636,0.102722,-2.567981,1.111950
1039,0.419362,0.458415,nan,0.102722,nan,1.220484
1040,0.240824,0.251042,0.462210,0.102720,-2.477633,0.864422
1041,0.416886,0.469738,nan,0.102720,nan,1.216235
1042,0.482263,0.451173,0.568099,0.102717,-0.343017,1.394894
1043,0.452107,0.425284,nan,0.102717,nan,1.310953
1044,0.452783,0.462343,1.545246,0.102714,-2.968974,1.320185
1045,0.301791,0.330607,nan,0.102714,nan,0.985249
1046,0.386606,0.411185,1.157813,0.102712,-3.649522,1.121944
1047,0.220690,0.183227,nan,0.102712,nan,0.837509
1048,0.463251,0.519830,0.735887,0.102709,-1.731376,1.313324
1049,0.514077,0.525540,nan,0.102709,nan,1.465548
1050,0.394398,0.402279,1.517783,0.102706,-3.292099,1.175008
1051,0.319122,0.345389,nan,0.102706,nan,1.042325
1052,0.377489,0.366793,0.135254,0.102704,-3.395927,1.128528
1053,0.503529,0.459719,nan,0.102704,nan,1.425712
1054,0.468643,0.529073,0.676459,0.102701,0.128155,1.350367
1055,0.383852,0.460229,nan,0.102701,nan,1.163755
1056,0.402380,0.363289,1.769765,0.102698,-1.934435,1.187084
1057,0.328437,0.527069,nan,0.102698,nan,1.032669
1058,0.400457,0.458919,1.227708,0.102695,-3.882468,1.165587
1059,0.566413,0.583057,nan,0.102695,nan,1.533210
1060,0.622002,0.605929,0.001635,0.102692,-3.315008,1.688870
1061,0.599929,0.654552,nan,0.102692,nan,1.635568
1062,0.399841,0.477352,1.626718,0.102690,-3.166872,1.208216
1063,0.450268,0.489366,nan,0.102690,nan,1.311117
1064,0.311751,0.480679,1.116655,0.102688,-2.041049,0.982182
1065,0.519337,0.494432,nan,0.102688,nan,1.457721
1066,0.388528,0.405861,1.557931,0.102685,-2.722438,1.133744
1067,0.462923,0.419979,nan,0.102685,nan,1.323108
1068,0.512024,0.514212,0.627864,0.102682,-0.105367,1.448446
1069,0.517566,0.483699,nan,0.102682,nan,1.474859
1070,0.464467,0.503252,1.264707,0.102679,-3.978934,1.314673
1071,0.269530,0.308883,nan,0.102679,nan,0.906974
1072,0.572396,0.803924,1.909129,0.102676,-2.805549,1.568335
1073,0.472076,0.669984,nan,0.102676,nan,1.329233
1074,0.458936,0.447203,0.705087,0.102673,-1.171720,1.294912
1075,0.715484,0.832657,nan,0.102673,nan,1.869522
1076,0.462087,0.590651,0.753402,0.102670,-3.312377,1.358922
1077,0.471234,0.533397,nan,0.102670,nan,1.360971
1078,0.301478,0.317046,1.709199,0.102668,-2.742164,0.982500
1079,0.679803,0.774336,nan,0.102668,nan,1.776348
1080,0.414786,0.437392,0.917303,0.102664,-0.635323,1.207692
1081,0.315854,0.369734,nan,0.102664,nan,1.020018
1082,0.605916,0.578944,0.897738,0.102661,-4.034302,1.600347
1083,0.339542,0.383278,nan,0.102661,nan,1.077677
1084,0.422844,0.450178,1.061175,0.102658,-0.698666,1.223678
1085,0.395550,0.376224,nan,0.102658,nan,1.176605
1086,0.474658,0.490619,1.077563,0.102654,-2.141469,1.332425
1087,0.572957,0.493360,nan,0.102654,nan,1.589229
1088,0.396577,0.285877,0.452649,0.102650,-1.768919,1.234691
1089,0.585278,0.654940,nan,0.102650,nan,1.596578
1090,0.532295,0.468006,0.932925,0.102646,-2.695853,1.502893
1091,0.486198,0.419375,nan,0.102646,nan,1.373979
1092,0.607255,0.572100,1.141359,0.102642,-0.826466,1.653787
1093,0.613526,0.577823,nan,0.102642,nan,1.638629
1094,0.421082,0.423021,1.886419,0.102637,-1.263686,1.255450
1095,0.358230,0.385602,nan,0.102637,nan,1.111705
1096,0.373756,0.408398,0.630325,0.102633,-2.745384,1.148038
1097,0.469074,0.604597,nan,0.102633,nan,1.349900
1098,0.332332,0.388646,1.186652,0.102629,-3.108347,1.026935
1099,0.356399,0.347708,nan,0.102629,nan,1.102149
1100,0.427664,0.474638,1.634661,0.102625,-2.811538,1.238382
1101,0.352540,0.325974,nan,0.102625,nan,1.099564
1102,0.522301,0.524435,0.296831,0.102622,-3.478678,1.469499
1103,0.614057,0.666533,nan,0.102622,nan,1.653190
1104,0.592400,0.621100,0.702895,0.102618,-1.751961,1.614477
1105,0.447033,0.474648,nan,0.102618,nan,1.294220
1106,0.389715,0.636965,1.900172,0.102614,-0.933698,1.168693
1107,0.335642,0.728455,nan,0.102614,nan,1.058427
1108,0.502085,0.511947,1.779305,0.102610,-2.616431,1.400415
1109,0.384095,0.488311,nan,0.102610,nan,1.156441
1110,0.443407,0.574597,1.840423,0.102607,-3.162091,1.285790
1111,0.346015,0.336297,nan,0.102607,nan,1.089149
1112,0.465287,0.510381,1.181468,0.102603,-2.353509,1.355731
1113,0.355933,0.327046,nan,0.102603,nan,1.105960
1114,0.439598,0.375516,1.649401,0.102599,-1.539835,1.257801
1115,0.383321,0.389205,nan,0.102599,nan,1.139549
1116,0.401270,0.388602,1.350653,0.102596,-3.906154,1.231667
1117,0.519717,0.431965,nan,0.102596,nan,1.463713
1118,0.451402,0.366281,1.039840,0.102593,-3.663934,1.317359
1119,0.302285,0.283514,nan,0.102593,nan,0.978469
1120,0.720385,0.601482,1.205903,0.102590,-1.172808,1.894531
1121,0.654163,0.484438,nan,0.102590,nan,1.732701
1122,0.368157,0.350821,1.941042,0.102587,-1.889470,1.132132
1123,0.444596,0.332654,nan,0.102587,nan,1.301564
1124,0.404568,0.272027,1.633094,0.102583,-2.902256,1.185197
1125,0.275578,0.325931,nan,0.102583,nan,0.917015
1126,0.213176,0.308546,1.244293,0.102581,-3.520772,0.779230
1127,0.550814,0.567286,nan,0.102581,nan,1.530058
1128,0.406977,0.453183,0.890024,0.102578,-2.359807,1.233871
1129,0.311312,0.310324,nan,0.102578,nan,1.023078
1130,0.264496,0.293644,1.939067,0.102574,-1.097080,0.887510
1131,0.427450,0.455417,nan,0.102574,nan,1.241045
1132,0.353665,0.396143,1.927623,0.102570,-0.778579,1.105695
1133,0.393326,0.352656,nan,0.102570,nan,1.194373
1134,0.440774,0.488228,2.031875,0.102566,-2.561369,1.265975
1135,0.386397,0.511378,nan,0.102566,nan,1.165628
1136,0.412499,0.482619,1.654400,0.102562,-1.866169,1.218364
1137,0.312827,0.367550,nan,0.102562,nan,1.019267
1138,0.466445,0.555752,2.200533,0.102558,-2.662540,1.317483
1139,0.292987,0.328442,nan,0.102558,nan,0.934092
1140,0.520947,0.567793,0.839997,0.102554,-1.353981,1.421814
1141,0.374197,0.357123,nan,0.102554,nan,1.168219
1142,0.471461,0.508270,2.376792,0.102550,-2.680396,1.327896
1143,0.513283,0.499565,nan,0.102550,nan,1.440876
1144,0.337040,0.346086,2.103519,0.102545,-1.799336,1.055317
1145,0.501170,0.538108,nan,0.102545,nan,1.398457
1146,0.637890,0.598383,0.905092,0.102540,-1.040693,1.662886
1147,0.465959,0.460266,nan,0.102540,nan,1.361466
1148,0.509312,0.543277,1.192575,0.102536,-2.015211,1.419708
1149,0.546358,0.543008,nan,0.102536,nan,1.503821
1150,0.446535,0.460264,1.912484,0.102530,-1.269677,1.269604
1151,0.469539,0.453249,nan,0.102530,nan,1.326777
1152,0.561198,0.570365,0.541607,0.102524,-0.091765,1.505502
1153,0.542606,0.578125,nan,0.102524,nan,1.518757
1154,0.517657,0.587960,1.412026,0.102518,-0.988596,1.465542
1155,0.473412,0.568156,nan,0.102518,nan,1.359010
1156,0.364774,0.415087,2.511415,0.102511,-0.587457,1.080052
1157,0.472240,0.472073,nan,0.102511,nan,1.348855
1158,0.513604,0.733503,2.328491,0.102504,-1.181888,1.436632
1159,0.347266,0.540766,nan,0.102504,nan,1.086262
1160,0.433888,0.501396,0.817646,0.102498,-2.574711,1.236427
1161,0.446539,0.527547,nan,0.102498,nan,1.290438
1162,0.500362,0.612911,0.784155,0.102492,-2.553965,1.398611
1163,0.767546,0.829500,nan,0.102492,nan,1.951303
1164,0.502934,0.590363,2.469123,0.102486,-2.873511,1.404982
1165,0.421154,0.435837,nan,0.102486,nan,1.213387
1166,0.425694,0.624211,2.924135,0.102480,-1.749894,1.223504
1167,0.503215,0.919483,nan,0.102480,nan,1.395006
1168,0.223706,0.347577,2.081855,0.102474,-1.517222,0.816880
1169,0.252732,0.284974,nan,0.102474,nan,0.884531
1170,0.474275,0.484361,0.611964,0.102468,-0.516013,1.362549
1171,0.365425,0.367036,nan,0.102468,nan,1.131547
1172,0.440332,0.474606,1.131921,0.102462,-2.262825,1.267368
1173,0.335480,0.346724,nan,0.102462,nan,1.062616
1174,0.447172,0.344686,2.581002,0.102456,-2.929739,1.284901
1175,0.247029,0.275937,nan,0.102456,nan,0.875809
1176,0.460323,0.361745,1.440712,0.102449,-0.046466,1.347251
1177,0.369702,0.369020,nan,0.102449,nan,1.118711
1178,0.321901,0.273684,2.505472,0.102443,-1.547710,1.026400
1179,0.383263,0.372066,nan,0.102443,nan,1.140390
1180,0.432393,0.472988,1.731236,0.102437,-3.752668,1.246158
1181,0.468109,0.484483,nan,0.102437,nan,1.327833
1182,0.258068,0.332673,2.210895,0.102432,-2.038701,0.879158
1183,0.340885,0.342845,nan,0.102432,nan,1.087395
1184,0.336177,0.327628,2.912488,0.102426,-2.327571,1.053653
1185,0.427500,0.490413,nan,0.102426,nan,1.271385
1186,0.441331,0.409657,1.227182,0.102421,-1.735626,1.301270
1187,0.233555,0.337748,nan,0.102421,nan,0.845661
1188,0.351468,0.403284,2.405193,0.102415,-2.422515,1.081716
1189,0.355640,0.320981,nan,0.102415,nan,1.109323
1190,0.323930,0.349766,2.756150,0.102410,-1.142626,1.027455
1191,0.362773,0.398432,nan,0.102410,nan,1.122759
1192,0.567677,0.663142,1.745579,0.102405,-4.025922,1.545438
1193,0.358911,0.375947,nan,0.102405,nan,1.110946
1194,0.417879,0.445870,1.854638,0.102400,-0.694549,1.233617
1195,0.554325,0.528587,nan,0.102400,nan,1.539684
1196,0.450145,0.432131,2.678260,0.102394,-1.452918,1.304743
1197,0.297782,0.308190,nan,0.102394,nan,0.976948
1198,0.480029,0.414497,1.641613,0.102388,-0.646999,1.380196
1199,0.454794,0.440246,nan,0.102388,nan,1.326474
1200,0.332263,0.345516,2.796929,0.102382,-0.254606,1.080556
1201,0.432945,0.435905,nan,0.102382,nan,1.266759
1202,0.453960,0.428492,1.921789,0.102375,-2.326316,1.301835
1203,0.387110,0.349478,nan,0.102375,nan,1.190843
1204,0.631368,0.494819,2.907688,0.102369,-2.045923,1.726920
1205,0.352325,0.346819,nan,0.102369,nan,1.100043
1206,0.366786,0.348445,2.631202,0.102363,-2.611666,1.129255
1207,0.443111,0.387143,nan,0.102363,nan,1.296811
1208,0.342100,0.343944,2.507413,0.102357,-0.900440,1.087016
1209,0.586481,0.613694,nan,0.102357,nan,1.587974
1210,0.458771,0.379510,2.751769,0.102350,-1.224300,1.353658
1211,0.440071,0.406461,nan,0.102350,nan,1.295240
1212,0.490853,0.457790,2.319815,0.102343,-1.587765,1.401131
1213,0.385103,0.326559,nan,0.102343,nan,1.176255
1214,0.479759,0.475248,2.219764,0.102337,-2.849549,1.352867
1215,0.399382,0.408519,nan,0.102337,nan,1.211993
1216,0.422095,0.448673,2.123869,0.102332,-3.491124,1.252271
1217,0.549950,0.540586,nan,0.102332,nan,1.558659
1218,0.351856,0.353841,2.797854,0.102326,-1.038388,1.123634
1219,0.527784,0.596621,nan,0.102326,nan,1.491665
1220,0.539431,0.529999,1.393214,0.102321,-2.478846,1.519805
1221,0.722211,0.633360,nan,0.102321,nan,1.918124
1222,0.681949,0.503201,2.037010,0.102315,-0.965038,1.821633
1223,0.674898,0.670825,nan,0.102315,nan,1.808123
1224,0.371399,0.320918,3.736914,0.102309,-2.702635,1.160441
1225,0.543612,0.661490,nan,0.102309,nan,1.508154
1226,0.390219,0.635427,3.575037,0.102304,-1.452336,1.200195
1227,0.450206,0.524875,nan,0.102304,nan,1.361098
1228,0.449745,0.411490,2.943945,0.102297,-0.049999,1.325747
1229,0.538678,0.571103,nan,0.102297,nan,1.547699
1230,0.456941,0.377715,2.745368,0.102291,-1.805047,1.353117
1231,0.556482,0.636208,nan,0.102291,nan,1.569136
1232,0.304370,0.305060,3.166930,0.102284,-1.564369,1.015647
1233,0.519153,0.539022,nan,0.102284,nan,1.491560
1234,0.413299,0.401629,2.371244,0.102277,0.251818,1.275692
1235,0.510160,0.494526,nan,0.102277,nan,1.484557
1236,0.529388,0.488789,2.641016,0.102269,0.249475,1.533702
1237,0.489511,0.472923,nan,0.102269,nan,1.413677
1238,0.467146,0.467255,4.138258,0.102261,-2.173764,1.381303
1239,0.391049,0.348881,nan,0.102261,nan,1.215302
1240,0.623049,0.589789,3.706348,0.102253,-2.115064,1.716289
1241,0.530041,0.501040,nan,0.102253,nan,1.530501
1242,0.424623,0.437939,2.983859,0.102246,-2.172457,1.295889
1243,0.311051,0.370096,nan,0.102246,nan,1.053181
1244,0.476036,0.613965,3.267839,0.102240,-3.375071,1.371119
1245,0.373163,0.407055,nan,0.102240,nan,1.204380
1246,0.687986,0.703082,3.446680,0.102234,-2.140929,1.834767
1247,0.450400,0.449613,nan,0.102234,nan,1.347703
1248,0.715795,0.749065,2.552074,0.102227,-1.035442,1.886573
1249,0.556827,0.519092,nan,0.102227,nan,1.602221
1250,0.490909,0.451556,3.216798,0.102220,0.708661,1.453089
